username,name,profile_url,followers,platform,location,source
virat.kohli,Virat Kohli,https://www.instagram.com/virat.kohli/,,instagram,India,known_influencers
bhuvan.bam22,Bhuvan Bam22,https://www.instagram.com/bhuvan.bam22/,,instagram,India,known_influencers
rashmika_mandanna,Rashmika Mandanna,https://www.instagram.com/rashmika_mandanna/,,instagram,India,known_influencers
dqsalmaan,Dqsalmaan,https://www.instagram.com/dqsalmaan/,,instagram,India,known_influencers
masoomminawala,Masoomminawala,https://www.instagram.com/masoomminawala/,,instagram,India,known_influencers
tanmaybhat,Tanmaybhat,https://www.instagram.com/tanmaybhat/,,instagram,India,known_influencers
kushakapila,Kushakapila,https://www.instagram.com/kushakapila/,,instagram,India,known_influencers
ashishchanchlani,Ashishchanchlani,https://www.instagram.com/ashishchanchlani/,,instagram,India,known_influencers
carryminati,Carryminati,https://www.instagram.com/carryminati/,,instagram,India,known_influencers
priyankachopra,Priyankachopra,https://www.instagram.com/priyankachopra/,,instagram,India,known_influencers
deepikapadukone,Deepikapadukone,https://www.instagram.com/deepikapadukone/,,instagram,India,known_influencers
ranveersingh,Ranveersingh,https://www.instagram.com/ranveersingh/,,instagram,India,known_influencers
aliaabhatt,Aliaabhatt,https://www.instagram.com/aliaabhatt/,,instagram,India,known_influencers
varundhawan,Varundhawan,https://www.instagram.com/varundhawan/,,instagram,India,known_influencers
kartikaaryan,Kartikaaryan,https://www.instagram.com/kartikaaryan/,,instagram,India,known_influencers
tigerjackieshroff,Tigerjackieshroff,https://www.instagram.com/tigerjackieshroff/,,instagram,India,known_influencers
ananyapanday,Ananyapanday,https://www.instagram.com/ananyapanday/,,instagram,India,known_influencers
saraalikhan,Saraalikhan,https://www.instagram.com/saraalikhan/,,instagram,India,known_influencers
janhvikapoor,Janhvikapoor,https://www.instagram.com/janhvikapoor/,,instagram,India,known_influencers
ishankhatter,Ishankhatter,https://www.instagram.com/ishankhatter/,,instagram,India,known_influencers
shraddhakapoor,Shraddhakapoor,https://www.instagram.com/shraddhakapoor/,,instagram,India,known_influencers
parineetichopra,Parineetichopra,https://www.instagram.com/parineetichopra/,,instagram,India,known_influencers
sonamkapoor,Sonamkapoor,https://www.instagram.com/sonamkapoor/,,instagram,India,known_influencers
kareenakapoorkhan,Kareenakapoorkhan,https://www.instagram.com/kareenakapoorkhan/,,instagram,India,known_influencers
katrinakaif,Katrinakaif,https://www.instagram.com/katrinakaif/,,instagram,India,known_influencers
anushkasharma,Anushkasharma,https://www.instagram.com/anushkasharma/,,instagram,India,known_influencers
kiaraadvani,Kiaraadvani,https://www.instagram.com/kiaraadvani/,,instagram,India,known_influencers
siddharthmalhotra,Siddharthmalhotra,https://www.instagram.com/siddharthmalhotra/,,instagram,India,known_influencers
adityaroykapur,Adityaroykapur,https://www.instagram.com/adityaroykapur/,,instagram,India,known_influencers
rajkummarrao,Rajkummarrao,https://www.instagram.com/rajkummarrao/,,instagram,India,known_influencers
ayushmannk,Ayushmannk,https://www.instagram.com/ayushmannk/,,instagram,India,known_influencers
vickykaushal,Vickykaushal,https://www.instagram.com/vickykaushal/,,instagram,India,known_influencers
tahirakashyap,Tahirakashyap,https://www.instagram.com/tahirakashyap/,,instagram,India,known_influencers
nehadhupia,Nehadhupia,https://www.instagram.com/nehadhupia/,,instagram,India,known_influencers
dianapenty,Dianapenty,https://www.instagram.com/dianapenty/,,instagram,India,known_influencers
kritisanon,Kritisanon,https://www.instagram.com/kritisanon/,,instagram,India,known_influencers
kritikakharbanda,Kritikakharbanda,https://www.instagram.com/kritikakharbanda/,,instagram,India,known_influencers
yamishetty,Yamishetty,https://www.instagram.com/yamishetty/,,instagram,India,known_influencers
mouniroy,Mouniroy,https://www.instagram.com/mouniroy/,,instagram,India,known_influencers
nushrrattbharuccha,Nushrrattbharuccha,https://www.instagram.com/nushrrattbharuccha/,,instagram,India,known_influencers
radhikamadan,Radhikamadan,https://www.instagram.com/radhikamadan/,,instagram,India,known_influencers
bhumi.pednekar,Bhumi Pednekar,https://www.instagram.com/bhumi.pednekar/,,instagram,India,known_influencers
fatimasana,Fatimasana,https://www.instagram.com/fatimasana/,,instagram,India,known_influencers
sanya.malhotra,Sanya Malhotra,https://www.instagram.com/sanya.malhotra/,,instagram,India,known_influencers
jacquelinef143,Jacquelinef143,https://www.instagram.com/jacquelinef143/,,instagram,India,known_influencers
nora.fatehi,Nora Fatehi,https://www.instagram.com/nora.fatehi/,,instagram,India,known_influencers
disha.patani,Disha Patani,https://www.instagram.com/disha.patani/,,instagram,India,known_influencers
urvashirautela,Urvashirautela,https://www.instagram.com/urvashirautela/,,instagram,India,known_influencers
komalpandeyofficial,Komalpandeyofficial,https://www.instagram.com/komalpandeyofficial/,,instagram,India,known_influencers
dollysingh,Dollysingh,https://www.instagram.com/dollysingh/,,instagram,India,known_influencers
srishtipatch,Srishtipatch,https://www.instagram.com/srishtipatch/,,instagram,India,known_influencers
mrunu,Mrunu,https://www.instagram.com/mrunu/,,instagram,India,known_influencers
kennethseb,Kennethseb,https://www.instagram.com/kennethseb/,,instagram,India,known_influencers
nikkkhil,Nikkkhil,https://www.instagram.com/nikkkhil/,,instagram,India,known_influencers
taneja.gaurav,Taneja Gaurav,https://www.instagram.com/taneja.gaurav/,,instagram,India,known_influencers
narendramodi,Narendramodi,https://twitter.com/narendramodi,,twitter,India,known_influencers
PMOIndia,Pmoindia,https://twitter.com/PMOIndia,,twitter,India,known_influencers
AmitShah,Amitshah,https://twitter.com/AmitShah,,twitter,India,known_influencers
RahulGandhi,Rahulgandhi,https://twitter.com/RahulGandhi,,twitter,India,known_influencers
ArvindKejriwal,Arvindkejriwal,https://twitter.com/ArvindKejriwal,,twitter,India,known_influencers
iamsrk,Iamsrk,https://twitter.com/iamsrk,,twitter,India,known_influencers
akshaykumar,Akshaykumar,https://twitter.com/akshaykumar,,twitter,India,known_influencers
RanveerOfficial,Ranveerofficial,https://twitter.com/RanveerOfficial,,twitter,India,known_influencers
BeerBicepsGuy,Beerbicepsguy,https://twitter.com/BeerBicepsGuy,,twitter,India,known_influencers
mumbiker_nikhil,Mumbiker Nikhil,https://twitter.com/mumbiker_nikhil,,twitter,India,known_influencers
technicalguruji,Technicalguruji,https://twitter.com/technicalguruji,,twitter,India,known_influencers
flyingbeast320,Flyingbeast320,https://twitter.com/flyingbeast320,,twitter,India,known_influencers
harshbeniwal,Harshbeniwal,https://twitter.com/harshbeniwal,,twitter,India,known_influencers
bbkivines,Bbkivines,https://twitter.com/bbkivines,,twitter,India,known_influencers
mostlysane,Mostlysane,https://twitter.com/mostlysane,,twitter,India,known_influencers
kusha.kapila,Kusha Kapila,https://twitter.com/kusha.kapila,,twitter,India,known_influencers
mukeshambani,Mukeshambani,https://www.linkedin.com/in/mukeshambani/,,linkedin,India,known_influencers
ratantata,Ratantata,https://www.linkedin.com/in/ratantata/,,linkedin,India,known_influencers
anandmahindra,Anandmahindra,https://www.linkedin.com/in/anandmahindra/,,linkedin,India,known_influencers
narayanamurthy,Narayanamurthy,https://www.linkedin.com/in/narayanamurthy/,,linkedin,India,known_influencers
vijayshekhar,Vijayshekhar,https://www.linkedin.com/in/vijayshekhar/,,linkedin,India,known_influencers
bansalsachin,Bansalsachin,https://www.linkedin.com/in/bansalsachin/,,linkedin,India,known_influencers
binnybansal,Binnybansal,https://www.linkedin.com/in/binnybansal/,,linkedin,India,known_influencers
deepakabbot,Deepakabbot,https://www.linkedin.com/in/deepakabbot/,,linkedin,India,known_influencers
sachinbansal,Sachinbansal,https://www.linkedin.com/in/sachinbansal/,,linkedin,India,known_influencers
radhikagupta,Radhikagupta,https://www.linkedin.com/in/radhikagupta/,,linkedin,India,known_influencers
kunalbahl,Kunalbahl,https://www.linkedin.com/in/kunalbahl/,,linkedin,India,known_influencers
rohitbansal,Rohitbansal,https://www.linkedin.com/in/rohitbansal/,,linkedin,India,known_influencers
vivekgupta,Vivekgupta,https://www.linkedin.com/in/vivekgupta/,,linkedin,India,known_influencers
amitgupta,Amitgupta,https://www.linkedin.com/in/amitgupta/,,linkedin,India,known_influencers
sanjeevbikhchandani,Sanjeevbikhchandani,https://www.linkedin.com/in/sanjeevbikhchandani/,,linkedin,India,known_influencers
harshgoenka,Harshgoenka,https://www.linkedin.com/in/harshgoenka/,,linkedin,India,known_influencers
gautamadani,Gautamadani,https://www.linkedin.com/in/gautamadani/,,linkedin,India,known_influencers
kiranmazumdar,Kiranmazumdar,https://www.linkedin.com/in/kiranmazumdar/,,linkedin,India,known_influencers
shobhanabirla,Shobhanabirla,https://www.linkedin.com/in/shobhanabirla/,,linkedin,India,known_influencers
niranjanhiranandani,Niranjanhiranandani,https://www.linkedin.com/in/niranjanhiranandani/,,linkedin,India,known_influencers
ajaypiramal,Ajaypiramal,https://www.linkedin.com/in/ajaypiramal/,,linkedin,India,known_influencers
adigodrej,Adigodrej,https://www.linkedin.com/in/adigodrej/,,linkedin,India,known_influencers
godrejfamily,Godrejfamily,https://www.linkedin.com/in/godrejfamily/,,linkedin,India,known_influencers
rspiramal,Rspiramal,https://www.linkedin.com/in/rspiramal/,,linkedin,India,known_influencers
anupamkher,Anupamkher,https://www.linkedin.com/in/anupamkher/,,linkedin,India,known_influencers
shahrukhkhan,Shahrukhkhan,https://www.linkedin.com/in/shahrukhkhan/,,linkedin,India,known_influencers
beerbiceps,Beerbiceps,https://www.linkedin.com/in/beerbiceps/,,linkedin,India,known_influencers
indian_influencer,Indian Influencer,https://www.instagram.com/indian_influencer/,,instagram,India,generated
indian_influencer1,Indian Influencer1,https://www.instagram.com/indian_influencer1/,,instagram,India,generated
indian_influencer2,Indian Influencer2,https://www.instagram.com/indian_influencer2/,,instagram,India,generated
indian_influencer3,Indian Influencer3,https://www.instagram.com/indian_influencer3/,,instagram,India,generated
indian_influencerofficial,Indian Influencerofficial,https://www.instagram.com/indian_influencerofficial/,,instagram,India,generated
indian_influencerreal,Indian Influencerreal,https://www.instagram.com/indian_influencerreal/,,instagram,India,generated
indian_influencerthe,Indian Influencerthe,https://www.instagram.com/indian_influencerthe/,,instagram,India,generated
indian_influenceriam,Indian Influenceriam,https://www.instagram.com/indian_influenceriam/,,instagram,India,generated
indian_influencerindian,Indian Influencerindian,https://www.instagram.com/indian_influencerindian/,,instagram,India,generated
indian_influencerdesi,Indian Influencerdesi,https://www.instagram.com/indian_influencerdesi/,,instagram,India,generated
indian_influencerpage,Indian Influencerpage,https://www.instagram.com/indian_influencerpage/,,instagram,India,generated
indian_influenceraccount,Indian Influenceraccount,https://www.instagram.com/indian_influenceraccount/,,instagram,India,generated
indian_blogger,Indian Blogger,https://www.instagram.com/indian_blogger/,,instagram,India,generated
indian_blogger1,Indian Blogger1,https://www.instagram.com/indian_blogger1/,,instagram,India,generated
indian_blogger2,Indian Blogger2,https://www.instagram.com/indian_blogger2/,,instagram,India,generated
indian_blogger3,Indian Blogger3,https://www.instagram.com/indian_blogger3/,,instagram,India,generated
indian_bloggerofficial,Indian Bloggerofficial,https://www.instagram.com/indian_bloggerofficial/,,instagram,India,generated
indian_bloggerreal,Indian Bloggerreal,https://www.instagram.com/indian_bloggerreal/,,instagram,India,generated
indian_bloggerthe,Indian Bloggerthe,https://www.instagram.com/indian_bloggerthe/,,instagram,India,generated
indian_bloggeriam,Indian Bloggeriam,https://www.instagram.com/indian_bloggeriam/,,instagram,India,generated
indian_bloggerindian,Indian Bloggerindian,https://www.instagram.com/indian_bloggerindian/,,instagram,India,generated
indian_bloggerdesi,Indian Bloggerdesi,https://www.instagram.com/indian_bloggerdesi/,,instagram,India,generated
indian_bloggerpage,Indian Bloggerpage,https://www.instagram.com/indian_bloggerpage/,,instagram,India,generated
indian_bloggeraccount,Indian Bloggeraccount,https://www.instagram.com/indian_bloggeraccount/,,instagram,India,generated
indian_creator,Indian Creator,https://www.instagram.com/indian_creator/,,instagram,India,generated
indian_creator1,Indian Creator1,https://www.instagram.com/indian_creator1/,,instagram,India,generated
indian_creator2,Indian Creator2,https://www.instagram.com/indian_creator2/,,instagram,India,generated
indian_creator3,Indian Creator3,https://www.instagram.com/indian_creator3/,,instagram,India,generated
indian_creatorofficial,Indian Creatorofficial,https://www.instagram.com/indian_creatorofficial/,,instagram,India,generated
indian_creatorreal,Indian Creatorreal,https://www.instagram.com/indian_creatorreal/,,instagram,India,generated
indian_creatorthe,Indian Creatorthe,https://www.instagram.com/indian_creatorthe/,,instagram,India,generated
indian_creatoriam,Indian Creatoriam,https://www.instagram.com/indian_creatoriam/,,instagram,India,generated
indian_creatorindian,Indian Creatorindian,https://www.instagram.com/indian_creatorindian/,,instagram,India,generated
indian_creatordesi,Indian Creatordesi,https://www.instagram.com/indian_creatordesi/,,instagram,India,generated
indian_creatorpage,Indian Creatorpage,https://www.instagram.com/indian_creatorpage/,,instagram,India,generated
indian_creatoraccount,Indian Creatoraccount,https://www.instagram.com/indian_creatoraccount/,,instagram,India,generated
indian_vlogger,Indian Vlogger,https://www.instagram.com/indian_vlogger/,,instagram,India,generated
indian_vlogger1,Indian Vlogger1,https://www.instagram.com/indian_vlogger1/,,instagram,India,generated
indian_vlogger2,Indian Vlogger2,https://www.instagram.com/indian_vlogger2/,,instagram,India,generated
indian_vlogger3,Indian Vlogger3,https://www.instagram.com/indian_vlogger3/,,instagram,India,generated
indian_vloggerofficial,Indian Vloggerofficial,https://www.instagram.com/indian_vloggerofficial/,,instagram,India,generated
indian_vloggerreal,Indian Vloggerreal,https://www.instagram.com/indian_vloggerreal/,,instagram,India,generated
indian_vloggerthe,Indian Vloggerthe,https://www.instagram.com/indian_vloggerthe/,,instagram,India,generated
indian_vloggeriam,Indian Vloggeriam,https://www.instagram.com/indian_vloggeriam/,,instagram,India,generated
indian_vloggerindian,Indian Vloggerindian,https://www.instagram.com/indian_vloggerindian/,,instagram,India,generated
indian_vloggerdesi,Indian Vloggerdesi,https://www.instagram.com/indian_vloggerdesi/,,instagram,India,generated
indian_vloggerpage,Indian Vloggerpage,https://www.instagram.com/indian_vloggerpage/,,instagram,India,generated
indian_vloggeraccount,Indian Vloggeraccount,https://www.instagram.com/indian_vloggeraccount/,,instagram,India,generated
indian_fashion,Indian Fashion,https://www.instagram.com/indian_fashion/,,instagram,India,generated
indian_fashion1,Indian Fashion1,https://www.instagram.com/indian_fashion1/,,instagram,India,generated
indian_fashion2,Indian Fashion2,https://www.instagram.com/indian_fashion2/,,instagram,India,generated
indian_fashion3,Indian Fashion3,https://www.instagram.com/indian_fashion3/,,instagram,India,generated
indian_fashionofficial,Indian Fashionofficial,https://www.instagram.com/indian_fashionofficial/,,instagram,India,generated
indian_fashionreal,Indian Fashionreal,https://www.instagram.com/indian_fashionreal/,,instagram,India,generated
indian_fashionthe,Indian Fashionthe,https://www.instagram.com/indian_fashionthe/,,instagram,India,generated
indian_fashioniam,Indian Fashioniam,https://www.instagram.com/indian_fashioniam/,,instagram,India,generated
indian_fashionindian,Indian Fashionindian,https://www.instagram.com/indian_fashionindian/,,instagram,India,generated
indian_fashiondesi,Indian Fashiondesi,https://www.instagram.com/indian_fashiondesi/,,instagram,India,generated
indian_fashionpage,Indian Fashionpage,https://www.instagram.com/indian_fashionpage/,,instagram,India,generated
indian_fashionaccount,Indian Fashionaccount,https://www.instagram.com/indian_fashionaccount/,,instagram,India,generated
indian_food,Indian Food,https://www.instagram.com/indian_food/,,instagram,India,generated
indian_food1,Indian Food1,https://www.instagram.com/indian_food1/,,instagram,India,generated
indian_food2,Indian Food2,https://www.instagram.com/indian_food2/,,instagram,India,generated
indian_food3,Indian Food3,https://www.instagram.com/indian_food3/,,instagram,India,generated
indian_foodofficial,Indian Foodofficial,https://www.instagram.com/indian_foodofficial/,,instagram,India,generated
indian_foodreal,Indian Foodreal,https://www.instagram.com/indian_foodreal/,,instagram,India,generated
indian_foodthe,Indian Foodthe,https://www.instagram.com/indian_foodthe/,,instagram,India,generated
indian_foodiam,Indian Foodiam,https://www.instagram.com/indian_foodiam/,,instagram,India,generated
indian_foodindian,Indian Foodindian,https://www.instagram.com/indian_foodindian/,,instagram,India,generated
indian_fooddesi,Indian Fooddesi,https://www.instagram.com/indian_fooddesi/,,instagram,India,generated
indian_foodpage,Indian Foodpage,https://www.instagram.com/indian_foodpage/,,instagram,India,generated
indian_foodaccount,Indian Foodaccount,https://www.instagram.com/indian_foodaccount/,,instagram,India,generated
indian_travel,Indian Travel,https://www.instagram.com/indian_travel/,,instagram,India,generated
indian_travel1,Indian Travel1,https://www.instagram.com/indian_travel1/,,instagram,India,generated
indian_travel2,Indian Travel2,https://www.instagram.com/indian_travel2/,,instagram,India,generated
indian_travel3,Indian Travel3,https://www.instagram.com/indian_travel3/,,instagram,India,generated
indian_travelofficial,Indian Travelofficial,https://www.instagram.com/indian_travelofficial/,,instagram,India,generated
indian_travelreal,Indian Travelreal,https://www.instagram.com/indian_travelreal/,,instagram,India,generated
indian_travelthe,Indian Travelthe,https://www.instagram.com/indian_travelthe/,,instagram,India,generated
indian_traveliam,Indian Traveliam,https://www.instagram.com/indian_traveliam/,,instagram,India,generated
indian_travelindian,Indian Travelindian,https://www.instagram.com/indian_travelindian/,,instagram,India,generated
indian_traveldesi,Indian Traveldesi,https://www.instagram.com/indian_traveldesi/,,instagram,India,generated
indian_travelpage,Indian Travelpage,https://www.instagram.com/indian_travelpage/,,instagram,India,generated
indian_travelaccount,Indian Travelaccount,https://www.instagram.com/indian_travelaccount/,,instagram,India,generated
indian_fitness,Indian Fitness,https://www.instagram.com/indian_fitness/,,instagram,India,generated
indian_fitness1,Indian Fitness1,https://www.instagram.com/indian_fitness1/,,instagram,India,generated
indian_fitness2,Indian Fitness2,https://www.instagram.com/indian_fitness2/,,instagram,India,generated
indian_fitness3,Indian Fitness3,https://www.instagram.com/indian_fitness3/,,instagram,India,generated
indian_fitnessofficial,Indian Fitnessofficial,https://www.instagram.com/indian_fitnessofficial/,,instagram,India,generated
indian_fitnessreal,Indian Fitnessreal,https://www.instagram.com/indian_fitnessreal/,,instagram,India,generated
indian_fitnessthe,Indian Fitnessthe,https://www.instagram.com/indian_fitnessthe/,,instagram,India,generated
indian_fitnessiam,Indian Fitnessiam,https://www.instagram.com/indian_fitnessiam/,,instagram,India,generated
indian_fitnessindian,Indian Fitnessindian,https://www.instagram.com/indian_fitnessindian/,,instagram,India,generated
indian_fitnessdesi,Indian Fitnessdesi,https://www.instagram.com/indian_fitnessdesi/,,instagram,India,generated
indian_fitnesspage,Indian Fitnesspage,https://www.instagram.com/indian_fitnesspage/,,instagram,India,generated
indian_fitnessaccount,Indian Fitnessaccount,https://www.instagram.com/indian_fitnessaccount/,,instagram,India,generated
indian_beauty,Indian Beauty,https://www.instagram.com/indian_beauty/,,instagram,India,generated
indian_beauty1,Indian Beauty1,https://www.instagram.com/indian_beauty1/,,instagram,India,generated
indian_beauty2,Indian Beauty2,https://www.instagram.com/indian_beauty2/,,instagram,India,generated
indian_beauty3,Indian Beauty3,https://www.instagram.com/indian_beauty3/,,instagram,India,generated
indian_beautyofficial,Indian Beautyofficial,https://www.instagram.com/indian_beautyofficial/,,instagram,India,generated
indian_beautyreal,Indian Beautyreal,https://www.instagram.com/indian_beautyreal/,,instagram,India,generated
indian_beautythe,Indian Beautythe,https://www.instagram.com/indian_beautythe/,,instagram,India,generated
indian_beautyiam,Indian Beautyiam,https://www.instagram.com/indian_beautyiam/,,instagram,India,generated
indian_beautyindian,Indian Beautyindian,https://www.instagram.com/indian_beautyindian/,,instagram,India,generated
indian_beautydesi,Indian Beautydesi,https://www.instagram.com/indian_beautydesi/,,instagram,India,generated
indian_beautypage,Indian Beautypage,https://www.instagram.com/indian_beautypage/,,instagram,India,generated
indian_beautyaccount,Indian Beautyaccount,https://www.instagram.com/indian_beautyaccount/,,instagram,India,generated
indian_lifestyle,Indian Lifestyle,https://www.instagram.com/indian_lifestyle/,,instagram,India,generated
indian_lifestyle1,Indian Lifestyle1,https://www.instagram.com/indian_lifestyle1/,,instagram,India,generated
indian_lifestyle2,Indian Lifestyle2,https://www.instagram.com/indian_lifestyle2/,,instagram,India,generated
indian_lifestyle3,Indian Lifestyle3,https://www.instagram.com/indian_lifestyle3/,,instagram,India,generated
indian_lifestyleofficial,Indian Lifestyleofficial,https://www.instagram.com/indian_lifestyleofficial/,,instagram,India,generated
indian_lifestylereal,Indian Lifestylereal,https://www.instagram.com/indian_lifestylereal/,,instagram,India,generated
indian_lifestylethe,Indian Lifestylethe,https://www.instagram.com/indian_lifestylethe/,,instagram,India,generated
indian_lifestyleiam,Indian Lifestyleiam,https://www.instagram.com/indian_lifestyleiam/,,instagram,India,generated
indian_lifestyleindian,Indian Lifestyleindian,https://www.instagram.com/indian_lifestyleindian/,,instagram,India,generated
indian_lifestyledesi,Indian Lifestyledesi,https://www.instagram.com/indian_lifestyledesi/,,instagram,India,generated
indian_lifestylepage,Indian Lifestylepage,https://www.instagram.com/indian_lifestylepage/,,instagram,India,generated
indian_lifestyleaccount,Indian Lifestyleaccount,https://www.instagram.com/indian_lifestyleaccount/,,instagram,India,generated
indian_tech,Indian Tech,https://www.instagram.com/indian_tech/,,instagram,India,generated
indian_tech1,Indian Tech1,https://www.instagram.com/indian_tech1/,,instagram,India,generated
indian_tech2,Indian Tech2,https://www.instagram.com/indian_tech2/,,instagram,India,generated
indian_tech3,Indian Tech3,https://www.instagram.com/indian_tech3/,,instagram,India,generated
indian_techofficial,Indian Techofficial,https://www.instagram.com/indian_techofficial/,,instagram,India,generated
indian_techreal,Indian Techreal,https://www.instagram.com/indian_techreal/,,instagram,India,generated
indian_techthe,Indian Techthe,https://www.instagram.com/indian_techthe/,,instagram,India,generated
indian_techiam,Indian Techiam,https://www.instagram.com/indian_techiam/,,instagram,India,generated
indian_techindian,Indian Techindian,https://www.instagram.com/indian_techindian/,,instagram,India,generated
indian_techdesi,Indian Techdesi,https://www.instagram.com/indian_techdesi/,,instagram,India,generated
indian_techpage,Indian Techpage,https://www.instagram.com/indian_techpage/,,instagram,India,generated
indian_techaccount,Indian Techaccount,https://www.instagram.com/indian_techaccount/,,instagram,India,generated
indian_comedy,Indian Comedy,https://www.instagram.com/indian_comedy/,,instagram,India,generated
indian_comedy1,Indian Comedy1,https://www.instagram.com/indian_comedy1/,,instagram,India,generated
indian_comedy2,Indian Comedy2,https://www.instagram.com/indian_comedy2/,,instagram,India,generated
indian_comedy3,Indian Comedy3,https://www.instagram.com/indian_comedy3/,,instagram,India,generated
indian_comedyofficial,Indian Comedyofficial,https://www.instagram.com/indian_comedyofficial/,,instagram,India,generated
indian_comedyreal,Indian Comedyreal,https://www.instagram.com/indian_comedyreal/,,instagram,India,generated
indian_comedythe,Indian Comedythe,https://www.instagram.com/indian_comedythe/,,instagram,India,generated
indian_comedyiam,Indian Comedyiam,https://www.instagram.com/indian_comedyiam/,,instagram,India,generated
indian_comedyindian,Indian Comedyindian,https://www.instagram.com/indian_comedyindian/,,instagram,India,generated
indian_comedydesi,Indian Comedydesi,https://www.instagram.com/indian_comedydesi/,,instagram,India,generated
indian_comedypage,Indian Comedypage,https://www.instagram.com/indian_comedypage/,,instagram,India,generated
indian_comedyaccount,Indian Comedyaccount,https://www.instagram.com/indian_comedyaccount/,,instagram,India,generated
indian_foodie,Indian Foodie,https://www.instagram.com/indian_foodie/,,instagram,India,generated
indian_foodie1,Indian Foodie1,https://twitter.com/indian_foodie1,,twitter,India,generated
indian_foodie2,Indian Foodie2,https://twitter.com/indian_foodie2,,twitter,India,generated
indian_foodie3,Indian Foodie3,https://twitter.com/indian_foodie3,,twitter,India,generated
indian_foodieofficial,Indian Foodieofficial,https://twitter.com/indian_foodieofficial,,twitter,India,generated
indian_foodiereal,Indian Foodiereal,https://twitter.com/indian_foodiereal,,twitter,India,generated
indian_foodiethe,Indian Foodiethe,https://twitter.com/indian_foodiethe,,twitter,India,generated
indian_foodieiam,Indian Foodieiam,https://twitter.com/indian_foodieiam,,twitter,India,generated
indian_foodieindian,Indian Foodieindian,https://twitter.com/indian_foodieindian,,twitter,India,generated
indian_foodiedesi,Indian Foodiedesi,https://twitter.com/indian_foodiedesi,,twitter,India,generated
indian_foodiepage,Indian Foodiepage,https://twitter.com/indian_foodiepage,,twitter,India,generated
indian_foodieaccount,Indian Foodieaccount,https://twitter.com/indian_foodieaccount,,twitter,India,generated
indian_fashionista,Indian Fashionista,https://twitter.com/indian_fashionista,,twitter,India,generated
indian_fashionista1,Indian Fashionista1,https://twitter.com/indian_fashionista1,,twitter,India,generated
indian_fashionista2,Indian Fashionista2,https://twitter.com/indian_fashionista2,,twitter,India,generated
indian_fashionista3,Indian Fashionista3,https://twitter.com/indian_fashionista3,,twitter,India,generated
indian_fashionistaofficial,Indian Fashionistaofficial,https://twitter.com/indian_fashionistaofficial,,twitter,India,generated
indian_fashionistareal,Indian Fashionistareal,https://twitter.com/indian_fashionistareal,,twitter,India,generated
indian_fashionistathe,Indian Fashionistathe,https://twitter.com/indian_fashionistathe,,twitter,India,generated
indian_fashionistaiam,Indian Fashionistaiam,https://twitter.com/indian_fashionistaiam,,twitter,India,generated
indian_fashionistaindian,Indian Fashionistaindian,https://twitter.com/indian_fashionistaindian,,twitter,India,generated
indian_fashionistadesi,Indian Fashionistadesi,https://twitter.com/indian_fashionistadesi,,twitter,India,generated
indian_fashionistapage,Indian Fashionistapage,https://twitter.com/indian_fashionistapage,,twitter,India,generated
indian_fashionistaaccount,Indian Fashionistaaccount,https://twitter.com/indian_fashionistaaccount,,twitter,India,generated
indian_traveler,Indian Traveler,https://twitter.com/indian_traveler,,twitter,India,generated
indian_traveler1,Indian Traveler1,https://twitter.com/indian_traveler1,,twitter,India,generated
indian_traveler2,Indian Traveler2,https://twitter.com/indian_traveler2,,twitter,India,generated
indian_traveler3,Indian Traveler3,https://twitter.com/indian_traveler3,,twitter,India,generated
indian_travelerofficial,Indian Travelerofficial,https://twitter.com/indian_travelerofficial,,twitter,India,generated
indian_travelerreal,Indian Travelerreal,https://twitter.com/indian_travelerreal,,twitter,India,generated
indian_travelerthe,Indian Travelerthe,https://twitter.com/indian_travelerthe,,twitter,India,generated
indian_traveleriam,Indian Traveleriam,https://twitter.com/indian_traveleriam,,twitter,India,generated
indian_travelerindian,Indian Travelerindian,https://twitter.com/indian_travelerindian,,twitter,India,generated
indian_travelerdesi,Indian Travelerdesi,https://twitter.com/indian_travelerdesi,,twitter,India,generated
indian_travelerpage,Indian Travelerpage,https://twitter.com/indian_travelerpage,,twitter,India,generated
indian_traveleraccount,Indian Traveleraccount,https://twitter.com/indian_traveleraccount,,twitter,India,generated
indian_youtuber,Indian Youtuber,https://twitter.com/indian_youtuber,,twitter,India,generated
indian_youtuber1,Indian Youtuber1,https://twitter.com/indian_youtuber1,,twitter,India,generated
indian_youtuber2,Indian Youtuber2,https://twitter.com/indian_youtuber2,,twitter,India,generated
indian_youtuber3,Indian Youtuber3,https://twitter.com/indian_youtuber3,,twitter,India,generated
indian_youtuberofficial,Indian Youtuberofficial,https://twitter.com/indian_youtuberofficial,,twitter,India,generated
indian_youtuberreal,Indian Youtuberreal,https://twitter.com/indian_youtuberreal,,twitter,India,generated
indian_youtuberthe,Indian Youtuberthe,https://twitter.com/indian_youtuberthe,,twitter,India,generated
indian_youtuberiam,Indian Youtuberiam,https://twitter.com/indian_youtuberiam,,twitter,India,generated
indian_youtuberindian,Indian Youtuberindian,https://twitter.com/indian_youtuberindian,,twitter,India,generated
indian_youtuberdesi,Indian Youtuberdesi,https://twitter.com/indian_youtuberdesi,,twitter,India,generated
indian_youtuberpage,Indian Youtuberpage,https://twitter.com/indian_youtuberpage,,twitter,India,generated
indian_youtuberaccount,Indian Youtuberaccount,https://twitter.com/indian_youtuberaccount,,twitter,India,generated
indian_contentcreator,Indian Contentcreator,https://twitter.com/indian_contentcreator,,twitter,India,generated
indian_contentcreator1,Indian Contentcreator1,https://twitter.com/indian_contentcreator1,,twitter,India,generated
indian_contentcreator2,Indian Contentcreator2,https://twitter.com/indian_contentcreator2,,twitter,India,generated
indian_contentcreator3,Indian Contentcreator3,https://twitter.com/indian_contentcreator3,,twitter,India,generated
indian_contentcreatorofficial,Indian Contentcreatorofficial,https://twitter.com/indian_contentcreatorofficial,,twitter,India,generated
indian_contentcreatorreal,Indian Contentcreatorreal,https://twitter.com/indian_contentcreatorreal,,twitter,India,generated
indian_contentcreatorthe,Indian Contentcreatorthe,https://twitter.com/indian_contentcreatorthe,,twitter,India,generated
indian_contentcreatoriam,Indian Contentcreatoriam,https://twitter.com/indian_contentcreatoriam,,twitter,India,generated
indian_contentcreatorindian,Indian Contentcreatorindian,https://twitter.com/indian_contentcreatorindian,,twitter,India,generated
indian_contentcreatordesi,Indian Contentcreatordesi,https://twitter.com/indian_contentcreatordesi,,twitter,India,generated
indian_contentcreatorpage,Indian Contentcreatorpage,https://twitter.com/indian_contentcreatorpage,,twitter,India,generated
indian_contentcreatoraccount,Indian Contentcreatoraccount,https://twitter.com/indian_contentcreatoraccount,,twitter,India,generated
indian_photographer,Indian Photographer,https://twitter.com/indian_photographer,,twitter,India,generated
indian_photographer1,Indian Photographer1,https://twitter.com/indian_photographer1,,twitter,India,generated
indian_photographer2,Indian Photographer2,https://twitter.com/indian_photographer2,,twitter,India,generated
indian_photographer3,Indian Photographer3,https://twitter.com/indian_photographer3,,twitter,India,generated
indian_photographerofficial,Indian Photographerofficial,https://twitter.com/indian_photographerofficial,,twitter,India,generated
indian_photographerreal,Indian Photographerreal,https://twitter.com/indian_photographerreal,,twitter,India,generated
indian_photographerthe,Indian Photographerthe,https://twitter.com/indian_photographerthe,,twitter,India,generated
indian_photographeriam,Indian Photographeriam,https://twitter.com/indian_photographeriam,,twitter,India,generated
indian_photographerindian,Indian Photographerindian,https://twitter.com/indian_photographerindian,,twitter,India,generated
indian_photographerdesi,Indian Photographerdesi,https://twitter.com/indian_photographerdesi,,twitter,India,generated
indian_photographerpage,Indian Photographerpage,https://twitter.com/indian_photographerpage,,twitter,India,generated
indian_photographeraccount,Indian Photographeraccount,https://twitter.com/indian_photographeraccount,,twitter,India,generated
indian_model,Indian Model,https://twitter.com/indian_model,,twitter,India,generated
indian_model1,Indian Model1,https://twitter.com/indian_model1,,twitter,India,generated
indian_model2,Indian Model2,https://twitter.com/indian_model2,,twitter,India,generated
indian_model3,Indian Model3,https://twitter.com/indian_model3,,twitter,India,generated
indian_modelofficial,Indian Modelofficial,https://twitter.com/indian_modelofficial,,twitter,India,generated
indian_modelreal,Indian Modelreal,https://twitter.com/indian_modelreal,,twitter,India,generated
indian_modelthe,Indian Modelthe,https://twitter.com/indian_modelthe,,twitter,India,generated
indian_modeliam,Indian Modeliam,https://twitter.com/indian_modeliam,,twitter,India,generated
indian_modelindian,Indian Modelindian,https://twitter.com/indian_modelindian,,twitter,India,generated
indian_modeldesi,Indian Modeldesi,https://twitter.com/indian_modeldesi,,twitter,India,generated
indian_modelpage,Indian Modelpage,https://twitter.com/indian_modelpage,,twitter,India,generated
indian_modelaccount,Indian Modelaccount,https://twitter.com/indian_modelaccount,,twitter,India,generated
indian_actor,Indian Actor,https://twitter.com/indian_actor,,twitter,India,generated
indian_actor1,Indian Actor1,https://twitter.com/indian_actor1,,twitter,India,generated
indian_actor2,Indian Actor2,https://twitter.com/indian_actor2,,twitter,India,generated
indian_actor3,Indian Actor3,https://twitter.com/indian_actor3,,twitter,India,generated
indian_actorofficial,Indian Actorofficial,https://twitter.com/indian_actorofficial,,twitter,India,generated
indian_actorreal,Indian Actorreal,https://twitter.com/indian_actorreal,,twitter,India,generated
indian_actorthe,Indian Actorthe,https://twitter.com/indian_actorthe,,twitter,India,generated
indian_actoriam,Indian Actoriam,https://twitter.com/indian_actoriam,,twitter,India,generated
indian_actorindian,Indian Actorindian,https://twitter.com/indian_actorindian,,twitter,India,generated
indian_actordesi,Indian Actordesi,https://twitter.com/indian_actordesi,,twitter,India,generated
indian_actorpage,Indian Actorpage,https://twitter.com/indian_actorpage,,twitter,India,generated
indian_actoraccount,Indian Actoraccount,https://twitter.com/indian_actoraccount,,twitter,India,generated
mumbai_influencer,Mumbai Influencer,https://twitter.com/mumbai_influencer,,twitter,India,generated
mumbai_influencer1,Mumbai Influencer1,https://twitter.com/mumbai_influencer1,,twitter,India,generated
mumbai_influencer2,Mumbai Influencer2,https://twitter.com/mumbai_influencer2,,twitter,India,generated
mumbai_influencer3,Mumbai Influencer3,https://twitter.com/mumbai_influencer3,,twitter,India,generated
mumbai_influencerofficial,Mumbai Influencerofficial,https://twitter.com/mumbai_influencerofficial,,twitter,India,generated
mumbai_influencerreal,Mumbai Influencerreal,https://twitter.com/mumbai_influencerreal,,twitter,India,generated
mumbai_influencerthe,Mumbai Influencerthe,https://twitter.com/mumbai_influencerthe,,twitter,India,generated
mumbai_influenceriam,Mumbai Influenceriam,https://twitter.com/mumbai_influenceriam,,twitter,India,generated
mumbai_influencerindian,Mumbai Influencerindian,https://twitter.com/mumbai_influencerindian,,twitter,India,generated
mumbai_influencerdesi,Mumbai Influencerdesi,https://twitter.com/mumbai_influencerdesi,,twitter,India,generated
mumbai_influencerpage,Mumbai Influencerpage,https://twitter.com/mumbai_influencerpage,,twitter,India,generated
mumbai_influenceraccount,Mumbai Influenceraccount,https://twitter.com/mumbai_influenceraccount,,twitter,India,generated
mumbai_blogger,Mumbai Blogger,https://twitter.com/mumbai_blogger,,twitter,India,generated
mumbai_blogger1,Mumbai Blogger1,https://twitter.com/mumbai_blogger1,,twitter,India,generated
mumbai_blogger2,Mumbai Blogger2,https://twitter.com/mumbai_blogger2,,twitter,India,generated
mumbai_blogger3,Mumbai Blogger3,https://twitter.com/mumbai_blogger3,,twitter,India,generated
mumbai_bloggerofficial,Mumbai Bloggerofficial,https://twitter.com/mumbai_bloggerofficial,,twitter,India,generated
mumbai_bloggerreal,Mumbai Bloggerreal,https://twitter.com/mumbai_bloggerreal,,twitter,India,generated
mumbai_bloggerthe,Mumbai Bloggerthe,https://twitter.com/mumbai_bloggerthe,,twitter,India,generated
mumbai_bloggeriam,Mumbai Bloggeriam,https://twitter.com/mumbai_bloggeriam,,twitter,India,generated
mumbai_bloggerindian,Mumbai Bloggerindian,https://twitter.com/mumbai_bloggerindian,,twitter,India,generated
mumbai_bloggerdesi,Mumbai Bloggerdesi,https://twitter.com/mumbai_bloggerdesi,,twitter,India,generated
mumbai_bloggerpage,Mumbai Bloggerpage,https://twitter.com/mumbai_bloggerpage,,twitter,India,generated
mumbai_bloggeraccount,Mumbai Bloggeraccount,https://twitter.com/mumbai_bloggeraccount,,twitter,India,generated
mumbai_creator,Mumbai Creator,https://twitter.com/mumbai_creator,,twitter,India,generated
mumbai_creator1,Mumbai Creator1,https://twitter.com/mumbai_creator1,,twitter,India,generated
mumbai_creator2,Mumbai Creator2,https://twitter.com/mumbai_creator2,,twitter,India,generated
mumbai_creator3,Mumbai Creator3,https://twitter.com/mumbai_creator3,,twitter,India,generated
mumbai_creatorofficial,Mumbai Creatorofficial,https://twitter.com/mumbai_creatorofficial,,twitter,India,generated
mumbai_creatorreal,Mumbai Creatorreal,https://twitter.com/mumbai_creatorreal,,twitter,India,generated
mumbai_creatorthe,Mumbai Creatorthe,https://twitter.com/mumbai_creatorthe,,twitter,India,generated
mumbai_creatoriam,Mumbai Creatoriam,https://twitter.com/mumbai_creatoriam,,twitter,India,generated
mumbai_creatorindian,Mumbai Creatorindian,https://twitter.com/mumbai_creatorindian,,twitter,India,generated
mumbai_creatordesi,Mumbai Creatordesi,https://twitter.com/mumbai_creatordesi,,twitter,India,generated
mumbai_creatorpage,Mumbai Creatorpage,https://twitter.com/mumbai_creatorpage,,twitter,India,generated
mumbai_creatoraccount,Mumbai Creatoraccount,https://twitter.com/mumbai_creatoraccount,,twitter,India,generated
mumbai_vlogger,Mumbai Vlogger,https://twitter.com/mumbai_vlogger,,twitter,India,generated
mumbai_vlogger1,Mumbai Vlogger1,https://twitter.com/mumbai_vlogger1,,twitter,India,generated
mumbai_vlogger2,Mumbai Vlogger2,https://twitter.com/mumbai_vlogger2,,twitter,India,generated
mumbai_vlogger3,Mumbai Vlogger3,https://twitter.com/mumbai_vlogger3,,twitter,India,generated
mumbai_vloggerofficial,Mumbai Vloggerofficial,https://twitter.com/mumbai_vloggerofficial,,twitter,India,generated
mumbai_vloggerreal,Mumbai Vloggerreal,https://twitter.com/mumbai_vloggerreal,,twitter,India,generated
mumbai_vloggerthe,Mumbai Vloggerthe,https://twitter.com/mumbai_vloggerthe,,twitter,India,generated
mumbai_vloggeriam,Mumbai Vloggeriam,https://twitter.com/mumbai_vloggeriam,,twitter,India,generated
mumbai_vloggerindian,Mumbai Vloggerindian,https://twitter.com/mumbai_vloggerindian,,twitter,India,generated
mumbai_vloggerdesi,Mumbai Vloggerdesi,https://twitter.com/mumbai_vloggerdesi,,twitter,India,generated
mumbai_vloggerpage,Mumbai Vloggerpage,https://twitter.com/mumbai_vloggerpage,,twitter,India,generated
mumbai_vloggeraccount,Mumbai Vloggeraccount,https://twitter.com/mumbai_vloggeraccount,,twitter,India,generated
mumbai_fashion,Mumbai Fashion,https://twitter.com/mumbai_fashion,,twitter,India,generated
mumbai_fashion1,Mumbai Fashion1,https://twitter.com/mumbai_fashion1,,twitter,India,generated
mumbai_fashion2,Mumbai Fashion2,https://twitter.com/mumbai_fashion2,,twitter,India,generated
mumbai_fashion3,Mumbai Fashion3,https://twitter.com/mumbai_fashion3,,twitter,India,generated
mumbai_fashionofficial,Mumbai Fashionofficial,https://twitter.com/mumbai_fashionofficial,,twitter,India,generated
mumbai_fashionreal,Mumbai Fashionreal,https://twitter.com/mumbai_fashionreal,,twitter,India,generated
mumbai_fashionthe,Mumbai Fashionthe,https://twitter.com/mumbai_fashionthe,,twitter,India,generated
mumbai_fashioniam,Mumbai Fashioniam,https://twitter.com/mumbai_fashioniam,,twitter,India,generated
mumbai_fashionindian,Mumbai Fashionindian,https://twitter.com/mumbai_fashionindian,,twitter,India,generated
mumbai_fashiondesi,Mumbai Fashiondesi,https://twitter.com/mumbai_fashiondesi,,twitter,India,generated
mumbai_fashionpage,Mumbai Fashionpage,https://twitter.com/mumbai_fashionpage,,twitter,India,generated
mumbai_fashionaccount,Mumbai Fashionaccount,https://twitter.com/mumbai_fashionaccount,,twitter,India,generated
mumbai_food,Mumbai Food,https://twitter.com/mumbai_food,,twitter,India,generated
mumbai_food1,Mumbai Food1,https://twitter.com/mumbai_food1,,twitter,India,generated
mumbai_food2,Mumbai Food2,https://twitter.com/mumbai_food2,,twitter,India,generated
mumbai_food3,Mumbai Food3,https://twitter.com/mumbai_food3,,twitter,India,generated
mumbai_foodofficial,Mumbai Foodofficial,https://twitter.com/mumbai_foodofficial,,twitter,India,generated
mumbai_foodreal,Mumbai Foodreal,https://twitter.com/mumbai_foodreal,,twitter,India,generated
mumbai_foodthe,Mumbai Foodthe,https://twitter.com/mumbai_foodthe,,twitter,India,generated
mumbai_foodiam,Mumbai Foodiam,https://twitter.com/mumbai_foodiam,,twitter,India,generated
mumbai_foodindian,Mumbai Foodindian,https://twitter.com/mumbai_foodindian,,twitter,India,generated
mumbai_fooddesi,Mumbai Fooddesi,https://twitter.com/mumbai_fooddesi,,twitter,India,generated
mumbai_foodpage,Mumbai Foodpage,https://twitter.com/mumbai_foodpage,,twitter,India,generated
mumbai_foodaccount,Mumbai Foodaccount,https://twitter.com/mumbai_foodaccount,,twitter,India,generated
mumbai_travel,Mumbai Travel,https://twitter.com/mumbai_travel,,twitter,India,generated
mumbai_travel1,Mumbai Travel1,https://twitter.com/mumbai_travel1,,twitter,India,generated
mumbai_travel2,Mumbai Travel2,https://twitter.com/mumbai_travel2,,twitter,India,generated
mumbai_travel3,Mumbai Travel3,https://twitter.com/mumbai_travel3,,twitter,India,generated
mumbai_travelofficial,Mumbai Travelofficial,https://twitter.com/mumbai_travelofficial,,twitter,India,generated
mumbai_travelreal,Mumbai Travelreal,https://twitter.com/mumbai_travelreal,,twitter,India,generated
mumbai_travelthe,Mumbai Travelthe,https://twitter.com/mumbai_travelthe,,twitter,India,generated
mumbai_traveliam,Mumbai Traveliam,https://twitter.com/mumbai_traveliam,,twitter,India,generated
mumbai_travelindian,Mumbai Travelindian,https://twitter.com/mumbai_travelindian,,twitter,India,generated
mumbai_traveldesi,Mumbai Traveldesi,https://twitter.com/mumbai_traveldesi,,twitter,India,generated
mumbai_travelpage,Mumbai Travelpage,https://twitter.com/mumbai_travelpage,,twitter,India,generated
mumbai_travelaccount,Mumbai Travelaccount,https://twitter.com/mumbai_travelaccount,,twitter,India,generated
mumbai_fitness,Mumbai Fitness,https://twitter.com/mumbai_fitness,,twitter,India,generated
mumbai_fitness1,Mumbai Fitness1,https://twitter.com/mumbai_fitness1,,twitter,India,generated
mumbai_fitness2,Mumbai Fitness2,https://twitter.com/mumbai_fitness2,,twitter,India,generated
mumbai_fitness3,Mumbai Fitness3,https://twitter.com/mumbai_fitness3,,twitter,India,generated
mumbai_fitnessofficial,Mumbai Fitnessofficial,https://twitter.com/mumbai_fitnessofficial,,twitter,India,generated
mumbai_fitnessreal,Mumbai Fitnessreal,https://www.linkedin.com/in/mumbai_fitnessreal/,,linkedin,India,generated
mumbai_fitnessthe,Mumbai Fitnessthe,https://www.linkedin.com/in/mumbai_fitnessthe/,,linkedin,India,generated
mumbai_fitnessiam,Mumbai Fitnessiam,https://www.linkedin.com/in/mumbai_fitnessiam/,,linkedin,India,generated
mumbai_fitnessindian,Mumbai Fitnessindian,https://www.linkedin.com/in/mumbai_fitnessindian/,,linkedin,India,generated
mumbai_fitnessdesi,Mumbai Fitnessdesi,https://www.linkedin.com/in/mumbai_fitnessdesi/,,linkedin,India,generated
mumbai_fitnesspage,Mumbai Fitnesspage,https://www.linkedin.com/in/mumbai_fitnesspage/,,linkedin,India,generated
mumbai_fitnessaccount,Mumbai Fitnessaccount,https://www.linkedin.com/in/mumbai_fitnessaccount/,,linkedin,India,generated
mumbai_beauty,Mumbai Beauty,https://www.linkedin.com/in/mumbai_beauty/,,linkedin,India,generated
mumbai_beauty1,Mumbai Beauty1,https://www.linkedin.com/in/mumbai_beauty1/,,linkedin,India,generated
mumbai_beauty2,Mumbai Beauty2,https://www.linkedin.com/in/mumbai_beauty2/,,linkedin,India,generated
mumbai_beauty3,Mumbai Beauty3,https://www.linkedin.com/in/mumbai_beauty3/,,linkedin,India,generated
mumbai_beautyofficial,Mumbai Beautyofficial,https://www.linkedin.com/in/mumbai_beautyofficial/,,linkedin,India,generated
mumbai_beautyreal,Mumbai Beautyreal,https://www.linkedin.com/in/mumbai_beautyreal/,,linkedin,India,generated
mumbai_beautythe,Mumbai Beautythe,https://www.linkedin.com/in/mumbai_beautythe/,,linkedin,India,generated
mumbai_beautyiam,Mumbai Beautyiam,https://www.linkedin.com/in/mumbai_beautyiam/,,linkedin,India,generated
mumbai_beautyindian,Mumbai Beautyindian,https://www.linkedin.com/in/mumbai_beautyindian/,,linkedin,India,generated
mumbai_beautydesi,Mumbai Beautydesi,https://www.linkedin.com/in/mumbai_beautydesi/,,linkedin,India,generated
mumbai_beautypage,Mumbai Beautypage,https://www.linkedin.com/in/mumbai_beautypage/,,linkedin,India,generated
mumbai_beautyaccount,Mumbai Beautyaccount,https://www.linkedin.com/in/mumbai_beautyaccount/,,linkedin,India,generated
mumbai_lifestyle,Mumbai Lifestyle,https://www.linkedin.com/in/mumbai_lifestyle/,,linkedin,India,generated
mumbai_lifestyle1,Mumbai Lifestyle1,https://www.linkedin.com/in/mumbai_lifestyle1/,,linkedin,India,generated
mumbai_lifestyle2,Mumbai Lifestyle2,https://www.linkedin.com/in/mumbai_lifestyle2/,,linkedin,India,generated
mumbai_lifestyle3,Mumbai Lifestyle3,https://www.linkedin.com/in/mumbai_lifestyle3/,,linkedin,India,generated
mumbai_lifestyleofficial,Mumbai Lifestyleofficial,https://www.linkedin.com/in/mumbai_lifestyleofficial/,,linkedin,India,generated
mumbai_lifestylereal,Mumbai Lifestylereal,https://www.linkedin.com/in/mumbai_lifestylereal/,,linkedin,India,generated
mumbai_lifestylethe,Mumbai Lifestylethe,https://www.linkedin.com/in/mumbai_lifestylethe/,,linkedin,India,generated
mumbai_lifestyleiam,Mumbai Lifestyleiam,https://www.linkedin.com/in/mumbai_lifestyleiam/,,linkedin,India,generated
mumbai_lifestyleindian,Mumbai Lifestyleindian,https://www.linkedin.com/in/mumbai_lifestyleindian/,,linkedin,India,generated
mumbai_lifestyledesi,Mumbai Lifestyledesi,https://www.linkedin.com/in/mumbai_lifestyledesi/,,linkedin,India,generated
mumbai_lifestylepage,Mumbai Lifestylepage,https://www.linkedin.com/in/mumbai_lifestylepage/,,linkedin,India,generated
mumbai_lifestyleaccount,Mumbai Lifestyleaccount,https://www.linkedin.com/in/mumbai_lifestyleaccount/,,linkedin,India,generated
mumbai_tech,Mumbai Tech,https://www.linkedin.com/in/mumbai_tech/,,linkedin,India,generated
mumbai_tech1,Mumbai Tech1,https://www.linkedin.com/in/mumbai_tech1/,,linkedin,India,generated
mumbai_tech2,Mumbai Tech2,https://www.linkedin.com/in/mumbai_tech2/,,linkedin,India,generated
mumbai_tech3,Mumbai Tech3,https://www.linkedin.com/in/mumbai_tech3/,,linkedin,India,generated
mumbai_techofficial,Mumbai Techofficial,https://www.linkedin.com/in/mumbai_techofficial/,,linkedin,India,generated
mumbai_techreal,Mumbai Techreal,https://www.linkedin.com/in/mumbai_techreal/,,linkedin,India,generated
mumbai_techthe,Mumbai Techthe,https://www.linkedin.com/in/mumbai_techthe/,,linkedin,India,generated
mumbai_techiam,Mumbai Techiam,https://www.linkedin.com/in/mumbai_techiam/,,linkedin,India,generated
mumbai_techindian,Mumbai Techindian,https://www.linkedin.com/in/mumbai_techindian/,,linkedin,India,generated
mumbai_techdesi,Mumbai Techdesi,https://www.linkedin.com/in/mumbai_techdesi/,,linkedin,India,generated
mumbai_techpage,Mumbai Techpage,https://www.linkedin.com/in/mumbai_techpage/,,linkedin,India,generated
mumbai_techaccount,Mumbai Techaccount,https://www.linkedin.com/in/mumbai_techaccount/,,linkedin,India,generated
mumbai_comedy,Mumbai Comedy,https://www.linkedin.com/in/mumbai_comedy/,,linkedin,India,generated
mumbai_comedy1,Mumbai Comedy1,https://www.linkedin.com/in/mumbai_comedy1/,,linkedin,India,generated
mumbai_comedy2,Mumbai Comedy2,https://www.linkedin.com/in/mumbai_comedy2/,,linkedin,India,generated
mumbai_comedy3,Mumbai Comedy3,https://www.linkedin.com/in/mumbai_comedy3/,,linkedin,India,generated
mumbai_comedyofficial,Mumbai Comedyofficial,https://www.linkedin.com/in/mumbai_comedyofficial/,,linkedin,India,generated
mumbai_comedyreal,Mumbai Comedyreal,https://www.linkedin.com/in/mumbai_comedyreal/,,linkedin,India,generated
mumbai_comedythe,Mumbai Comedythe,https://www.linkedin.com/in/mumbai_comedythe/,,linkedin,India,generated
mumbai_comedyiam,Mumbai Comedyiam,https://www.linkedin.com/in/mumbai_comedyiam/,,linkedin,India,generated
mumbai_comedyindian,Mumbai Comedyindian,https://www.linkedin.com/in/mumbai_comedyindian/,,linkedin,India,generated
mumbai_comedydesi,Mumbai Comedydesi,https://www.linkedin.com/in/mumbai_comedydesi/,,linkedin,India,generated
mumbai_comedypage,Mumbai Comedypage,https://www.linkedin.com/in/mumbai_comedypage/,,linkedin,India,generated
mumbai_comedyaccount,Mumbai Comedyaccount,https://www.linkedin.com/in/mumbai_comedyaccount/,,linkedin,India,generated
mumbai_foodie,Mumbai Foodie,https://www.linkedin.com/in/mumbai_foodie/,,linkedin,India,generated
mumbai_foodie1,Mumbai Foodie1,https://www.linkedin.com/in/mumbai_foodie1/,,linkedin,India,generated
mumbai_foodie2,Mumbai Foodie2,https://www.linkedin.com/in/mumbai_foodie2/,,linkedin,India,generated
mumbai_foodie3,Mumbai Foodie3,https://www.linkedin.com/in/mumbai_foodie3/,,linkedin,India,generated
mumbai_foodieofficial,Mumbai Foodieofficial,https://www.linkedin.com/in/mumbai_foodieofficial/,,linkedin,India,generated
mumbai_foodiereal,Mumbai Foodiereal,https://www.linkedin.com/in/mumbai_foodiereal/,,linkedin,India,generated
mumbai_foodiethe,Mumbai Foodiethe,https://www.linkedin.com/in/mumbai_foodiethe/,,linkedin,India,generated
mumbai_foodieiam,Mumbai Foodieiam,https://www.linkedin.com/in/mumbai_foodieiam/,,linkedin,India,generated
mumbai_foodieindian,Mumbai Foodieindian,https://www.linkedin.com/in/mumbai_foodieindian/,,linkedin,India,generated
mumbai_foodiedesi,Mumbai Foodiedesi,https://www.linkedin.com/in/mumbai_foodiedesi/,,linkedin,India,generated
mumbai_foodiepage,Mumbai Foodiepage,https://www.linkedin.com/in/mumbai_foodiepage/,,linkedin,India,generated
mumbai_foodieaccount,Mumbai Foodieaccount,https://www.linkedin.com/in/mumbai_foodieaccount/,,linkedin,India,generated
mumbai_fashionista,Mumbai Fashionista,https://www.linkedin.com/in/mumbai_fashionista/,,linkedin,India,generated
mumbai_fashionista1,Mumbai Fashionista1,https://www.linkedin.com/in/mumbai_fashionista1/,,linkedin,India,generated
mumbai_fashionista2,Mumbai Fashionista2,https://www.linkedin.com/in/mumbai_fashionista2/,,linkedin,India,generated
mumbai_fashionista3,Mumbai Fashionista3,https://www.linkedin.com/in/mumbai_fashionista3/,,linkedin,India,generated
mumbai_fashionistaofficial,Mumbai Fashionistaofficial,https://www.linkedin.com/in/mumbai_fashionistaofficial/,,linkedin,India,generated
mumbai_fashionistareal,Mumbai Fashionistareal,https://www.linkedin.com/in/mumbai_fashionistareal/,,linkedin,India,generated
mumbai_fashionistathe,Mumbai Fashionistathe,https://www.linkedin.com/in/mumbai_fashionistathe/,,linkedin,India,generated
mumbai_fashionistaiam,Mumbai Fashionistaiam,https://www.linkedin.com/in/mumbai_fashionistaiam/,,linkedin,India,generated
mumbai_fashionistaindian,Mumbai Fashionistaindian,https://www.linkedin.com/in/mumbai_fashionistaindian/,,linkedin,India,generated
mumbai_fashionistadesi,Mumbai Fashionistadesi,https://www.linkedin.com/in/mumbai_fashionistadesi/,,linkedin,India,generated
mumbai_fashionistapage,Mumbai Fashionistapage,https://www.linkedin.com/in/mumbai_fashionistapage/,,linkedin,India,generated
mumbai_fashionistaaccount,Mumbai Fashionistaaccount,https://www.linkedin.com/in/mumbai_fashionistaaccount/,,linkedin,India,generated
mumbai_traveler,Mumbai Traveler,https://www.linkedin.com/in/mumbai_traveler/,,linkedin,India,generated
mumbai_traveler1,Mumbai Traveler1,https://www.linkedin.com/in/mumbai_traveler1/,,linkedin,India,generated
mumbai_traveler2,Mumbai Traveler2,https://www.linkedin.com/in/mumbai_traveler2/,,linkedin,India,generated
mumbai_traveler3,Mumbai Traveler3,https://www.linkedin.com/in/mumbai_traveler3/,,linkedin,India,generated
mumbai_travelerofficial,Mumbai Travelerofficial,https://www.linkedin.com/in/mumbai_travelerofficial/,,linkedin,India,generated
mumbai_travelerreal,Mumbai Travelerreal,https://www.linkedin.com/in/mumbai_travelerreal/,,linkedin,India,generated
mumbai_travelerthe,Mumbai Travelerthe,https://www.linkedin.com/in/mumbai_travelerthe/,,linkedin,India,generated
mumbai_traveleriam,Mumbai Traveleriam,https://www.linkedin.com/in/mumbai_traveleriam/,,linkedin,India,generated
mumbai_travelerindian,Mumbai Travelerindian,https://www.linkedin.com/in/mumbai_travelerindian/,,linkedin,India,generated
mumbai_travelerdesi,Mumbai Travelerdesi,https://www.linkedin.com/in/mumbai_travelerdesi/,,linkedin,India,generated
mumbai_travelerpage,Mumbai Travelerpage,https://www.linkedin.com/in/mumbai_travelerpage/,,linkedin,India,generated
mumbai_traveleraccount,Mumbai Traveleraccount,https://www.linkedin.com/in/mumbai_traveleraccount/,,linkedin,India,generated
mumbai_youtuber,Mumbai Youtuber,https://www.linkedin.com/in/mumbai_youtuber/,,linkedin,India,generated
mumbai_youtuber1,Mumbai Youtuber1,https://www.linkedin.com/in/mumbai_youtuber1/,,linkedin,India,generated
mumbai_youtuber2,Mumbai Youtuber2,https://www.linkedin.com/in/mumbai_youtuber2/,,linkedin,India,generated
mumbai_youtuber3,Mumbai Youtuber3,https://www.linkedin.com/in/mumbai_youtuber3/,,linkedin,India,generated
mumbai_youtuberofficial,Mumbai Youtuberofficial,https://www.linkedin.com/in/mumbai_youtuberofficial/,,linkedin,India,generated
mumbai_youtuberreal,Mumbai Youtuberreal,https://www.linkedin.com/in/mumbai_youtuberreal/,,linkedin,India,generated
mumbai_youtuberthe,Mumbai Youtuberthe,https://www.linkedin.com/in/mumbai_youtuberthe/,,linkedin,India,generated
mumbai_youtuberiam,Mumbai Youtuberiam,https://www.linkedin.com/in/mumbai_youtuberiam/,,linkedin,India,generated
mumbai_youtuberindian,Mumbai Youtuberindian,https://www.linkedin.com/in/mumbai_youtuberindian/,,linkedin,India,generated
mumbai_youtuberdesi,Mumbai Youtuberdesi,https://www.linkedin.com/in/mumbai_youtuberdesi/,,linkedin,India,generated
mumbai_youtuberpage,Mumbai Youtuberpage,https://www.linkedin.com/in/mumbai_youtuberpage/,,linkedin,India,generated
mumbai_youtuberaccount,Mumbai Youtuberaccount,https://www.linkedin.com/in/mumbai_youtuberaccount/,,linkedin,India,generated
mumbai_contentcreator,Mumbai Contentcreator,https://www.linkedin.com/in/mumbai_contentcreator/,,linkedin,India,generated
mumbai_contentcreator1,Mumbai Contentcreator1,https://www.linkedin.com/in/mumbai_contentcreator1/,,linkedin,India,generated
mumbai_contentcreator2,Mumbai Contentcreator2,https://www.linkedin.com/in/mumbai_contentcreator2/,,linkedin,India,generated
mumbai_contentcreator3,Mumbai Contentcreator3,https://www.linkedin.com/in/mumbai_contentcreator3/,,linkedin,India,generated
mumbai_contentcreatorofficial,Mumbai Contentcreatorofficial,https://www.linkedin.com/in/mumbai_contentcreatorofficial/,,linkedin,India,generated
mumbai_contentcreatorreal,Mumbai Contentcreatorreal,https://www.linkedin.com/in/mumbai_contentcreatorreal/,,linkedin,India,generated
mumbai_contentcreatorthe,Mumbai Contentcreatorthe,https://www.linkedin.com/in/mumbai_contentcreatorthe/,,linkedin,India,generated
mumbai_contentcreatoriam,Mumbai Contentcreatoriam,https://www.linkedin.com/in/mumbai_contentcreatoriam/,,linkedin,India,generated
mumbai_contentcreatorindian,Mumbai Contentcreatorindian,https://www.linkedin.com/in/mumbai_contentcreatorindian/,,linkedin,India,generated
mumbai_contentcreatordesi,Mumbai Contentcreatordesi,https://www.linkedin.com/in/mumbai_contentcreatordesi/,,linkedin,India,generated
mumbai_contentcreatorpage,Mumbai Contentcreatorpage,https://www.linkedin.com/in/mumbai_contentcreatorpage/,,linkedin,India,generated
mumbai_contentcreatoraccount,Mumbai Contentcreatoraccount,https://www.linkedin.com/in/mumbai_contentcreatoraccount/,,linkedin,India,generated
mumbai_photographer,Mumbai Photographer,https://www.linkedin.com/in/mumbai_photographer/,,linkedin,India,generated
mumbai_photographer1,Mumbai Photographer1,https://www.linkedin.com/in/mumbai_photographer1/,,linkedin,India,generated
mumbai_photographer2,Mumbai Photographer2,https://www.linkedin.com/in/mumbai_photographer2/,,linkedin,India,generated
mumbai_photographer3,Mumbai Photographer3,https://www.linkedin.com/in/mumbai_photographer3/,,linkedin,India,generated
mumbai_photographerofficial,Mumbai Photographerofficial,https://www.linkedin.com/in/mumbai_photographerofficial/,,linkedin,India,generated
mumbai_photographerreal,Mumbai Photographerreal,https://www.linkedin.com/in/mumbai_photographerreal/,,linkedin,India,generated
mumbai_photographerthe,Mumbai Photographerthe,https://www.linkedin.com/in/mumbai_photographerthe/,,linkedin,India,generated
mumbai_photographeriam,Mumbai Photographeriam,https://www.linkedin.com/in/mumbai_photographeriam/,,linkedin,India,generated
mumbai_photographerindian,Mumbai Photographerindian,https://www.linkedin.com/in/mumbai_photographerindian/,,linkedin,India,generated
mumbai_photographerdesi,Mumbai Photographerdesi,https://www.linkedin.com/in/mumbai_photographerdesi/,,linkedin,India,generated
mumbai_photographerpage,Mumbai Photographerpage,https://www.linkedin.com/in/mumbai_photographerpage/,,linkedin,India,generated
mumbai_photographeraccount,Mumbai Photographeraccount,https://www.linkedin.com/in/mumbai_photographeraccount/,,linkedin,India,generated
mumbai_model,Mumbai Model,https://www.linkedin.com/in/mumbai_model/,,linkedin,India,generated
mumbai_model1,Mumbai Model1,https://www.linkedin.com/in/mumbai_model1/,,linkedin,India,generated
mumbai_model2,Mumbai Model2,https://www.linkedin.com/in/mumbai_model2/,,linkedin,India,generated
mumbai_model3,Mumbai Model3,https://www.linkedin.com/in/mumbai_model3/,,linkedin,India,generated
mumbai_modelofficial,Mumbai Modelofficial,https://www.linkedin.com/in/mumbai_modelofficial/,,linkedin,India,generated
mumbai_modelreal,Mumbai Modelreal,https://www.linkedin.com/in/mumbai_modelreal/,,linkedin,India,generated
mumbai_modelthe,Mumbai Modelthe,https://www.linkedin.com/in/mumbai_modelthe/,,linkedin,India,generated
mumbai_modeliam,Mumbai Modeliam,https://www.linkedin.com/in/mumbai_modeliam/,,linkedin,India,generated
mumbai_modelindian,Mumbai Modelindian,https://www.linkedin.com/in/mumbai_modelindian/,,linkedin,India,generated
mumbai_modeldesi,Mumbai Modeldesi,https://www.linkedin.com/in/mumbai_modeldesi/,,linkedin,India,generated
mumbai_modelpage,Mumbai Modelpage,https://www.linkedin.com/in/mumbai_modelpage/,,linkedin,India,generated
mumbai_modelaccount,Mumbai Modelaccount,https://www.linkedin.com/in/mumbai_modelaccount/,,linkedin,India,generated
mumbai_actor,Mumbai Actor,https://www.linkedin.com/in/mumbai_actor/,,linkedin,India,generated
mumbai_actor1,Mumbai Actor1,https://www.linkedin.com/in/mumbai_actor1/,,linkedin,India,generated
mumbai_actor2,Mumbai Actor2,https://www.linkedin.com/in/mumbai_actor2/,,linkedin,India,generated
mumbai_actor3,Mumbai Actor3,https://www.linkedin.com/in/mumbai_actor3/,,linkedin,India,generated
mumbai_actorofficial,Mumbai Actorofficial,https://www.linkedin.com/in/mumbai_actorofficial/,,linkedin,India,generated
mumbai_actorreal,Mumbai Actorreal,https://www.linkedin.com/in/mumbai_actorreal/,,linkedin,India,generated
mumbai_actorthe,Mumbai Actorthe,https://www.linkedin.com/in/mumbai_actorthe/,,linkedin,India,generated
mumbai_actoriam,Mumbai Actoriam,https://www.linkedin.com/in/mumbai_actoriam/,,linkedin,India,generated
mumbai_actorindian,Mumbai Actorindian,https://www.linkedin.com/in/mumbai_actorindian/,,linkedin,India,generated
mumbai_actordesi,Mumbai Actordesi,https://www.linkedin.com/in/mumbai_actordesi/,,linkedin,India,generated
mumbai_actorpage,Mumbai Actorpage,https://www.linkedin.com/in/mumbai_actorpage/,,linkedin,India,generated
mumbai_actoraccount,Mumbai Actoraccount,https://www.linkedin.com/in/mumbai_actoraccount/,,linkedin,India,generated
delhi_influencer,Delhi Influencer,https://www.linkedin.com/in/delhi_influencer/,,linkedin,India,generated
delhi_influencer1,Delhi Influencer1,https://www.linkedin.com/in/delhi_influencer1/,,linkedin,India,generated
delhi_influencer2,Delhi Influencer2,https://www.linkedin.com/in/delhi_influencer2/,,linkedin,India,generated
delhi_influencer3,Delhi Influencer3,https://www.linkedin.com/in/delhi_influencer3/,,linkedin,India,generated
delhi_influencerofficial,Delhi Influencerofficial,https://www.linkedin.com/in/delhi_influencerofficial/,,linkedin,India,generated
delhi_influencerreal,Delhi Influencerreal,https://www.linkedin.com/in/delhi_influencerreal/,,linkedin,India,generated
delhi_influencerthe,Delhi Influencerthe,https://www.linkedin.com/in/delhi_influencerthe/,,linkedin,India,generated
delhi_influenceriam,Delhi Influenceriam,https://www.linkedin.com/in/delhi_influenceriam/,,linkedin,India,generated
delhi_influencerindian,Delhi Influencerindian,https://www.linkedin.com/in/delhi_influencerindian/,,linkedin,India,generated
delhi_influencerdesi,Delhi Influencerdesi,https://www.linkedin.com/in/delhi_influencerdesi/,,linkedin,India,generated
delhi_influencerpage,Delhi Influencerpage,https://www.linkedin.com/in/delhi_influencerpage/,,linkedin,India,generated
delhi_influenceraccount,Delhi Influenceraccount,https://www.linkedin.com/in/delhi_influenceraccount/,,linkedin,India,generated
delhi_blogger,Delhi Blogger,https://www.linkedin.com/in/delhi_blogger/,,linkedin,India,generated
delhi_blogger1,Delhi Blogger1,https://www.linkedin.com/in/delhi_blogger1/,,linkedin,India,generated
delhi_blogger2,Delhi Blogger2,https://www.linkedin.com/in/delhi_blogger2/,,linkedin,India,generated
delhi_blogger3,Delhi Blogger3,https://www.linkedin.com/in/delhi_blogger3/,,linkedin,India,generated
delhi_bloggerofficial,Delhi Bloggerofficial,https://www.linkedin.com/in/delhi_bloggerofficial/,,linkedin,India,generated
delhi_bloggerreal,Delhi Bloggerreal,https://www.linkedin.com/in/delhi_bloggerreal/,,linkedin,India,generated
delhi_bloggerthe,Delhi Bloggerthe,https://www.linkedin.com/in/delhi_bloggerthe/,,linkedin,India,generated
delhi_bloggeriam,Delhi Bloggeriam,https://www.linkedin.com/in/delhi_bloggeriam/,,linkedin,India,generated
delhi_bloggerindian,Delhi Bloggerindian,https://www.linkedin.com/in/delhi_bloggerindian/,,linkedin,India,generated
delhi_bloggerdesi,Delhi Bloggerdesi,https://www.linkedin.com/in/delhi_bloggerdesi/,,linkedin,India,generated
delhi_bloggerpage,Delhi Bloggerpage,https://www.facebook.com/delhi_bloggerpage/,,facebook,India,generated
delhi_bloggeraccount,Delhi Bloggeraccount,https://www.facebook.com/delhi_bloggeraccount/,,facebook,India,generated
delhi_creator,Delhi Creator,https://www.facebook.com/delhi_creator/,,facebook,India,generated
delhi_creator1,Delhi Creator1,https://www.facebook.com/delhi_creator1/,,facebook,India,generated
delhi_creator2,Delhi Creator2,https://www.facebook.com/delhi_creator2/,,facebook,India,generated
delhi_creator3,Delhi Creator3,https://www.facebook.com/delhi_creator3/,,facebook,India,generated
delhi_creatorofficial,Delhi Creatorofficial,https://www.facebook.com/delhi_creatorofficial/,,facebook,India,generated
delhi_creatorreal,Delhi Creatorreal,https://www.facebook.com/delhi_creatorreal/,,facebook,India,generated
delhi_creatorthe,Delhi Creatorthe,https://www.facebook.com/delhi_creatorthe/,,facebook,India,generated
delhi_creatoriam,Delhi Creatoriam,https://www.facebook.com/delhi_creatoriam/,,facebook,India,generated
delhi_creatorindian,Delhi Creatorindian,https://www.facebook.com/delhi_creatorindian/,,facebook,India,generated
delhi_creatordesi,Delhi Creatordesi,https://www.facebook.com/delhi_creatordesi/,,facebook,India,generated
delhi_creatorpage,Delhi Creatorpage,https://www.facebook.com/delhi_creatorpage/,,facebook,India,generated
delhi_creatoraccount,Delhi Creatoraccount,https://www.facebook.com/delhi_creatoraccount/,,facebook,India,generated
delhi_vlogger,Delhi Vlogger,https://www.facebook.com/delhi_vlogger/,,facebook,India,generated
delhi_vlogger1,Delhi Vlogger1,https://www.facebook.com/delhi_vlogger1/,,facebook,India,generated
delhi_vlogger2,Delhi Vlogger2,https://www.facebook.com/delhi_vlogger2/,,facebook,India,generated
delhi_vlogger3,Delhi Vlogger3,https://www.facebook.com/delhi_vlogger3/,,facebook,India,generated
delhi_vloggerofficial,Delhi Vloggerofficial,https://www.facebook.com/delhi_vloggerofficial/,,facebook,India,generated
delhi_vloggerreal,Delhi Vloggerreal,https://www.facebook.com/delhi_vloggerreal/,,facebook,India,generated
delhi_vloggerthe,Delhi Vloggerthe,https://www.facebook.com/delhi_vloggerthe/,,facebook,India,generated
delhi_vloggeriam,Delhi Vloggeriam,https://www.facebook.com/delhi_vloggeriam/,,facebook,India,generated
delhi_vloggerindian,Delhi Vloggerindian,https://www.facebook.com/delhi_vloggerindian/,,facebook,India,generated
delhi_vloggerdesi,Delhi Vloggerdesi,https://www.facebook.com/delhi_vloggerdesi/,,facebook,India,generated
delhi_vloggerpage,Delhi Vloggerpage,https://www.facebook.com/delhi_vloggerpage/,,facebook,India,generated
delhi_vloggeraccount,Delhi Vloggeraccount,https://www.facebook.com/delhi_vloggeraccount/,,facebook,India,generated
delhi_fashion,Delhi Fashion,https://www.facebook.com/delhi_fashion/,,facebook,India,generated
delhi_fashion1,Delhi Fashion1,https://www.facebook.com/delhi_fashion1/,,facebook,India,generated
delhi_fashion2,Delhi Fashion2,https://www.facebook.com/delhi_fashion2/,,facebook,India,generated
delhi_fashion3,Delhi Fashion3,https://www.facebook.com/delhi_fashion3/,,facebook,India,generated
delhi_fashionofficial,Delhi Fashionofficial,https://www.facebook.com/delhi_fashionofficial/,,facebook,India,generated
delhi_fashionreal,Delhi Fashionreal,https://www.facebook.com/delhi_fashionreal/,,facebook,India,generated
delhi_fashionthe,Delhi Fashionthe,https://www.facebook.com/delhi_fashionthe/,,facebook,India,generated
delhi_fashioniam,Delhi Fashioniam,https://www.facebook.com/delhi_fashioniam/,,facebook,India,generated
delhi_fashionindian,Delhi Fashionindian,https://www.facebook.com/delhi_fashionindian/,,facebook,India,generated
delhi_fashiondesi,Delhi Fashiondesi,https://www.facebook.com/delhi_fashiondesi/,,facebook,India,generated
delhi_fashionpage,Delhi Fashionpage,https://www.facebook.com/delhi_fashionpage/,,facebook,India,generated
delhi_fashionaccount,Delhi Fashionaccount,https://www.facebook.com/delhi_fashionaccount/,,facebook,India,generated
delhi_food,Delhi Food,https://www.facebook.com/delhi_food/,,facebook,India,generated
delhi_food1,Delhi Food1,https://www.facebook.com/delhi_food1/,,facebook,India,generated
delhi_food2,Delhi Food2,https://www.facebook.com/delhi_food2/,,facebook,India,generated
delhi_food3,Delhi Food3,https://www.facebook.com/delhi_food3/,,facebook,India,generated
delhi_foodofficial,Delhi Foodofficial,https://www.facebook.com/delhi_foodofficial/,,facebook,India,generated
delhi_foodreal,Delhi Foodreal,https://www.facebook.com/delhi_foodreal/,,facebook,India,generated
delhi_foodthe,Delhi Foodthe,https://www.facebook.com/delhi_foodthe/,,facebook,India,generated
delhi_foodiam,Delhi Foodiam,https://www.facebook.com/delhi_foodiam/,,facebook,India,generated
delhi_foodindian,Delhi Foodindian,https://www.facebook.com/delhi_foodindian/,,facebook,India,generated
delhi_fooddesi,Delhi Fooddesi,https://www.facebook.com/delhi_fooddesi/,,facebook,India,generated
delhi_foodpage,Delhi Foodpage,https://www.facebook.com/delhi_foodpage/,,facebook,India,generated
delhi_foodaccount,Delhi Foodaccount,https://www.facebook.com/delhi_foodaccount/,,facebook,India,generated
delhi_travel,Delhi Travel,https://www.facebook.com/delhi_travel/,,facebook,India,generated
delhi_travel1,Delhi Travel1,https://www.facebook.com/delhi_travel1/,,facebook,India,generated
delhi_travel2,Delhi Travel2,https://www.facebook.com/delhi_travel2/,,facebook,India,generated
delhi_travel3,Delhi Travel3,https://www.facebook.com/delhi_travel3/,,facebook,India,generated
delhi_travelofficial,Delhi Travelofficial,https://www.facebook.com/delhi_travelofficial/,,facebook,India,generated
delhi_travelreal,Delhi Travelreal,https://www.facebook.com/delhi_travelreal/,,facebook,India,generated
delhi_travelthe,Delhi Travelthe,https://www.facebook.com/delhi_travelthe/,,facebook,India,generated
delhi_traveliam,Delhi Traveliam,https://www.facebook.com/delhi_traveliam/,,facebook,India,generated
delhi_travelindian,Delhi Travelindian,https://www.facebook.com/delhi_travelindian/,,facebook,India,generated
delhi_traveldesi,Delhi Traveldesi,https://www.facebook.com/delhi_traveldesi/,,facebook,India,generated
delhi_travelpage,Delhi Travelpage,https://www.facebook.com/delhi_travelpage/,,facebook,India,generated
delhi_travelaccount,Delhi Travelaccount,https://www.facebook.com/delhi_travelaccount/,,facebook,India,generated
delhi_fitness,Delhi Fitness,https://www.facebook.com/delhi_fitness/,,facebook,India,generated
delhi_fitness1,Delhi Fitness1,https://www.facebook.com/delhi_fitness1/,,facebook,India,generated
delhi_fitness2,Delhi Fitness2,https://www.facebook.com/delhi_fitness2/,,facebook,India,generated
delhi_fitness3,Delhi Fitness3,https://www.facebook.com/delhi_fitness3/,,facebook,India,generated
delhi_fitnessofficial,Delhi Fitnessofficial,https://www.facebook.com/delhi_fitnessofficial/,,facebook,India,generated
delhi_fitnessreal,Delhi Fitnessreal,https://www.facebook.com/delhi_fitnessreal/,,facebook,India,generated
delhi_fitnessthe,Delhi Fitnessthe,https://www.facebook.com/delhi_fitnessthe/,,facebook,India,generated
delhi_fitnessiam,Delhi Fitnessiam,https://www.facebook.com/delhi_fitnessiam/,,facebook,India,generated
delhi_fitnessindian,Delhi Fitnessindian,https://www.facebook.com/delhi_fitnessindian/,,facebook,India,generated
delhi_fitnessdesi,Delhi Fitnessdesi,https://www.facebook.com/delhi_fitnessdesi/,,facebook,India,generated
delhi_fitnesspage,Delhi Fitnesspage,https://www.facebook.com/delhi_fitnesspage/,,facebook,India,generated
delhi_fitnessaccount,Delhi Fitnessaccount,https://www.facebook.com/delhi_fitnessaccount/,,facebook,India,generated
delhi_beauty,Delhi Beauty,https://www.facebook.com/delhi_beauty/,,facebook,India,generated
delhi_beauty1,Delhi Beauty1,https://www.facebook.com/delhi_beauty1/,,facebook,India,generated
delhi_beauty2,Delhi Beauty2,https://www.facebook.com/delhi_beauty2/,,facebook,India,generated
delhi_beauty3,Delhi Beauty3,https://www.facebook.com/delhi_beauty3/,,facebook,India,generated
delhi_beautyofficial,Delhi Beautyofficial,https://www.facebook.com/delhi_beautyofficial/,,facebook,India,generated
delhi_beautyreal,Delhi Beautyreal,https://www.facebook.com/delhi_beautyreal/,,facebook,India,generated
delhi_beautythe,Delhi Beautythe,https://www.facebook.com/delhi_beautythe/,,facebook,India,generated
delhi_beautyiam,Delhi Beautyiam,https://www.facebook.com/delhi_beautyiam/,,facebook,India,generated
delhi_beautyindian,Delhi Beautyindian,https://www.facebook.com/delhi_beautyindian/,,facebook,India,generated
delhi_beautydesi,Delhi Beautydesi,https://www.facebook.com/delhi_beautydesi/,,facebook,India,generated
delhi_beautypage,Delhi Beautypage,https://www.facebook.com/delhi_beautypage/,,facebook,India,generated
delhi_beautyaccount,Delhi Beautyaccount,https://www.facebook.com/delhi_beautyaccount/,,facebook,India,generated
delhi_lifestyle,Delhi Lifestyle,https://www.facebook.com/delhi_lifestyle/,,facebook,India,generated
delhi_lifestyle1,Delhi Lifestyle1,https://www.facebook.com/delhi_lifestyle1/,,facebook,India,generated
delhi_lifestyle2,Delhi Lifestyle2,https://www.facebook.com/delhi_lifestyle2/,,facebook,India,generated
delhi_lifestyle3,Delhi Lifestyle3,https://www.facebook.com/delhi_lifestyle3/,,facebook,India,generated
delhi_lifestyleofficial,Delhi Lifestyleofficial,https://www.facebook.com/delhi_lifestyleofficial/,,facebook,India,generated
delhi_lifestylereal,Delhi Lifestylereal,https://www.facebook.com/delhi_lifestylereal/,,facebook,India,generated
delhi_lifestylethe,Delhi Lifestylethe,https://www.facebook.com/delhi_lifestylethe/,,facebook,India,generated
delhi_lifestyleiam,Delhi Lifestyleiam,https://www.facebook.com/delhi_lifestyleiam/,,facebook,India,generated
delhi_lifestyleindian,Delhi Lifestyleindian,https://www.facebook.com/delhi_lifestyleindian/,,facebook,India,generated
delhi_lifestyledesi,Delhi Lifestyledesi,https://www.facebook.com/delhi_lifestyledesi/,,facebook,India,generated
delhi_lifestylepage,Delhi Lifestylepage,https://www.facebook.com/delhi_lifestylepage/,,facebook,India,generated
delhi_lifestyleaccount,Delhi Lifestyleaccount,https://www.facebook.com/delhi_lifestyleaccount/,,facebook,India,generated
delhi_tech,Delhi Tech,https://www.facebook.com/delhi_tech/,,facebook,India,generated
delhi_tech1,Delhi Tech1,https://www.facebook.com/delhi_tech1/,,facebook,India,generated
delhi_tech2,Delhi Tech2,https://www.facebook.com/delhi_tech2/,,facebook,India,generated
delhi_tech3,Delhi Tech3,https://www.facebook.com/delhi_tech3/,,facebook,India,generated
delhi_techofficial,Delhi Techofficial,https://www.facebook.com/delhi_techofficial/,,facebook,India,generated
delhi_techreal,Delhi Techreal,https://www.facebook.com/delhi_techreal/,,facebook,India,generated
delhi_techthe,Delhi Techthe,https://www.facebook.com/delhi_techthe/,,facebook,India,generated
delhi_techiam,Delhi Techiam,https://www.facebook.com/delhi_techiam/,,facebook,India,generated
delhi_techindian,Delhi Techindian,https://www.facebook.com/delhi_techindian/,,facebook,India,generated
delhi_techdesi,Delhi Techdesi,https://www.facebook.com/delhi_techdesi/,,facebook,India,generated
delhi_techpage,Delhi Techpage,https://www.facebook.com/delhi_techpage/,,facebook,India,generated
delhi_techaccount,Delhi Techaccount,https://www.facebook.com/delhi_techaccount/,,facebook,India,generated
delhi_comedy,Delhi Comedy,https://www.facebook.com/delhi_comedy/,,facebook,India,generated
delhi_comedy1,Delhi Comedy1,https://www.facebook.com/delhi_comedy1/,,facebook,India,generated
delhi_comedy2,Delhi Comedy2,https://www.facebook.com/delhi_comedy2/,,facebook,India,generated
delhi_comedy3,Delhi Comedy3,https://www.facebook.com/delhi_comedy3/,,facebook,India,generated
delhi_comedyofficial,Delhi Comedyofficial,https://www.facebook.com/delhi_comedyofficial/,,facebook,India,generated
delhi_comedyreal,Delhi Comedyreal,https://www.facebook.com/delhi_comedyreal/,,facebook,India,generated
delhi_comedythe,Delhi Comedythe,https://www.facebook.com/delhi_comedythe/,,facebook,India,generated
delhi_comedyiam,Delhi Comedyiam,https://www.facebook.com/delhi_comedyiam/,,facebook,India,generated
delhi_comedyindian,Delhi Comedyindian,https://www.facebook.com/delhi_comedyindian/,,facebook,India,generated
delhi_comedydesi,Delhi Comedydesi,https://www.facebook.com/delhi_comedydesi/,,facebook,India,generated
delhi_comedypage,Delhi Comedypage,https://www.facebook.com/delhi_comedypage/,,facebook,India,generated
delhi_comedyaccount,Delhi Comedyaccount,https://www.facebook.com/delhi_comedyaccount/,,facebook,India,generated
delhi_foodie,Delhi Foodie,https://www.facebook.com/delhi_foodie/,,facebook,India,generated
delhi_foodie1,Delhi Foodie1,https://www.facebook.com/delhi_foodie1/,,facebook,India,generated
delhi_foodie2,Delhi Foodie2,https://www.facebook.com/delhi_foodie2/,,facebook,India,generated
delhi_foodie3,Delhi Foodie3,https://www.facebook.com/delhi_foodie3/,,facebook,India,generated
delhi_foodieofficial,Delhi Foodieofficial,https://www.facebook.com/delhi_foodieofficial/,,facebook,India,generated
delhi_foodiereal,Delhi Foodiereal,https://www.facebook.com/delhi_foodiereal/,,facebook,India,generated
delhi_foodiethe,Delhi Foodiethe,https://www.facebook.com/delhi_foodiethe/,,facebook,India,generated
delhi_foodieiam,Delhi Foodieiam,https://www.facebook.com/delhi_foodieiam/,,facebook,India,generated
delhi_foodieindian,Delhi Foodieindian,https://www.facebook.com/delhi_foodieindian/,,facebook,India,generated
delhi_foodiedesi,Delhi Foodiedesi,https://www.facebook.com/delhi_foodiedesi/,,facebook,India,generated
delhi_foodiepage,Delhi Foodiepage,https://www.facebook.com/delhi_foodiepage/,,facebook,India,generated
delhi_foodieaccount,Delhi Foodieaccount,https://www.facebook.com/delhi_foodieaccount/,,facebook,India,generated
delhi_fashionista,Delhi Fashionista,https://www.facebook.com/delhi_fashionista/,,facebook,India,generated
delhi_fashionista1,Delhi Fashionista1,https://www.facebook.com/delhi_fashionista1/,,facebook,India,generated
delhi_fashionista2,Delhi Fashionista2,https://www.facebook.com/delhi_fashionista2/,,facebook,India,generated
delhi_fashionista3,Delhi Fashionista3,https://www.facebook.com/delhi_fashionista3/,,facebook,India,generated
delhi_fashionistaofficial,Delhi Fashionistaofficial,https://www.facebook.com/delhi_fashionistaofficial/,,facebook,India,generated
delhi_fashionistareal,Delhi Fashionistareal,https://www.facebook.com/delhi_fashionistareal/,,facebook,India,generated
delhi_fashionistathe,Delhi Fashionistathe,https://www.facebook.com/delhi_fashionistathe/,,facebook,India,generated
delhi_fashionistaiam,Delhi Fashionistaiam,https://www.facebook.com/delhi_fashionistaiam/,,facebook,India,generated
delhi_fashionistaindian,Delhi Fashionistaindian,https://www.facebook.com/delhi_fashionistaindian/,,facebook,India,generated
delhi_fashionistadesi,Delhi Fashionistadesi,https://www.facebook.com/delhi_fashionistadesi/,,facebook,India,generated
delhi_fashionistapage,Delhi Fashionistapage,https://www.facebook.com/delhi_fashionistapage/,,facebook,India,generated
delhi_fashionistaaccount,Delhi Fashionistaaccount,https://www.facebook.com/delhi_fashionistaaccount/,,facebook,India,generated
delhi_traveler,Delhi Traveler,https://www.facebook.com/delhi_traveler/,,facebook,India,generated
delhi_traveler1,Delhi Traveler1,https://www.facebook.com/delhi_traveler1/,,facebook,India,generated
delhi_traveler2,Delhi Traveler2,https://www.facebook.com/delhi_traveler2/,,facebook,India,generated
delhi_traveler3,Delhi Traveler3,https://www.facebook.com/delhi_traveler3/,,facebook,India,generated
delhi_travelerofficial,Delhi Travelerofficial,https://www.facebook.com/delhi_travelerofficial/,,facebook,India,generated
delhi_travelerreal,Delhi Travelerreal,https://www.facebook.com/delhi_travelerreal/,,facebook,India,generated
delhi_travelerthe,Delhi Travelerthe,https://www.facebook.com/delhi_travelerthe/,,facebook,India,generated
delhi_traveleriam,Delhi Traveleriam,https://www.facebook.com/delhi_traveleriam/,,facebook,India,generated
delhi_travelerindian,Delhi Travelerindian,https://www.facebook.com/delhi_travelerindian/,,facebook,India,generated
delhi_travelerdesi,Delhi Travelerdesi,https://www.facebook.com/delhi_travelerdesi/,,facebook,India,generated
delhi_travelerpage,Delhi Travelerpage,https://www.facebook.com/delhi_travelerpage/,,facebook,India,generated
delhi_traveleraccount,Delhi Traveleraccount,https://www.facebook.com/delhi_traveleraccount/,,facebook,India,generated
delhi_youtuber,Delhi Youtuber,https://www.facebook.com/delhi_youtuber/,,facebook,India,generated
delhi_youtuber1,Delhi Youtuber1,https://www.facebook.com/delhi_youtuber1/,,facebook,India,generated
delhi_youtuber2,Delhi Youtuber2,https://www.facebook.com/delhi_youtuber2/,,facebook,India,generated
delhi_youtuber3,Delhi Youtuber3,https://www.facebook.com/delhi_youtuber3/,,facebook,India,generated
delhi_youtuberofficial,Delhi Youtuberofficial,https://www.facebook.com/delhi_youtuberofficial/,,facebook,India,generated
delhi_youtuberreal,Delhi Youtuberreal,https://www.facebook.com/delhi_youtuberreal/,,facebook,India,generated
delhi_youtuberthe,Delhi Youtuberthe,https://www.facebook.com/delhi_youtuberthe/,,facebook,India,generated
delhi_youtuberiam,Delhi Youtuberiam,https://www.facebook.com/delhi_youtuberiam/,,facebook,India,generated
delhi_youtuberindian,Delhi Youtuberindian,https://www.facebook.com/delhi_youtuberindian/,,facebook,India,generated
delhi_youtuberdesi,Delhi Youtuberdesi,https://www.facebook.com/delhi_youtuberdesi/,,facebook,India,generated
delhi_youtuberpage,Delhi Youtuberpage,https://www.facebook.com/delhi_youtuberpage/,,facebook,India,generated
delhi_youtuberaccount,Delhi Youtuberaccount,https://www.facebook.com/delhi_youtuberaccount/,,facebook,India,generated
delhi_contentcreator,Delhi Contentcreator,https://www.facebook.com/delhi_contentcreator/,,facebook,India,generated
delhi_contentcreator1,Delhi Contentcreator1,https://www.facebook.com/delhi_contentcreator1/,,facebook,India,generated
delhi_contentcreator2,Delhi Contentcreator2,https://www.facebook.com/delhi_contentcreator2/,,facebook,India,generated
delhi_contentcreator3,Delhi Contentcreator3,https://www.facebook.com/delhi_contentcreator3/,,facebook,India,generated
delhi_contentcreatorofficial,Delhi Contentcreatorofficial,https://www.facebook.com/delhi_contentcreatorofficial/,,facebook,India,generated
delhi_contentcreatorreal,Delhi Contentcreatorreal,https://www.facebook.com/delhi_contentcreatorreal/,,facebook,India,generated
delhi_contentcreatorthe,Delhi Contentcreatorthe,https://www.facebook.com/delhi_contentcreatorthe/,,facebook,India,generated
delhi_contentcreatoriam,Delhi Contentcreatoriam,https://www.facebook.com/delhi_contentcreatoriam/,,facebook,India,generated
delhi_contentcreatorindian,Delhi Contentcreatorindian,https://www.facebook.com/delhi_contentcreatorindian/,,facebook,India,generated
delhi_contentcreatordesi,Delhi Contentcreatordesi,https://www.facebook.com/delhi_contentcreatordesi/,,facebook,India,generated
delhi_contentcreatorpage,Delhi Contentcreatorpage,https://www.facebook.com/delhi_contentcreatorpage/,,facebook,India,generated
delhi_contentcreatoraccount,Delhi Contentcreatoraccount,https://www.facebook.com/delhi_contentcreatoraccount/,,facebook,India,generated
delhi_photographer,Delhi Photographer,https://www.facebook.com/delhi_photographer/,,facebook,India,generated
delhi_photographer1,Delhi Photographer1,https://www.facebook.com/delhi_photographer1/,,facebook,India,generated
delhi_photographer2,Delhi Photographer2,https://www.facebook.com/delhi_photographer2/,,facebook,India,generated
delhi_photographer3,Delhi Photographer3,https://www.facebook.com/delhi_photographer3/,,facebook,India,generated
delhi_photographerofficial,Delhi Photographerofficial,https://www.facebook.com/delhi_photographerofficial/,,facebook,India,generated
delhi_photographerreal,Delhi Photographerreal,https://www.facebook.com/delhi_photographerreal/,,facebook,India,generated
delhi_photographerthe,Delhi Photographerthe,https://www.facebook.com/delhi_photographerthe/,,facebook,India,generated
delhi_photographeriam,Delhi Photographeriam,https://www.facebook.com/delhi_photographeriam/,,facebook,India,generated
delhi_photographerindian,Delhi Photographerindian,https://www.facebook.com/delhi_photographerindian/,,facebook,India,generated
delhi_photographerdesi,Delhi Photographerdesi,https://www.facebook.com/delhi_photographerdesi/,,facebook,India,generated
delhi_photographerpage,Delhi Photographerpage,https://www.facebook.com/delhi_photographerpage/,,facebook,India,generated
delhi_photographeraccount,Delhi Photographeraccount,https://www.facebook.com/delhi_photographeraccount/,,facebook,India,generated
delhi_model,Delhi Model,https://www.facebook.com/delhi_model/,,facebook,India,generated
delhi_model1,Delhi Model1,https://www.facebook.com/delhi_model1/,,facebook,India,generated
delhi_model2,Delhi Model2,https://www.facebook.com/delhi_model2/,,facebook,India,generated
delhi_model3,Delhi Model3,https://www.facebook.com/delhi_model3/,,facebook,India,generated
delhi_modelofficial,Delhi Modelofficial,https://www.facebook.com/delhi_modelofficial/,,facebook,India,generated
delhi_modelreal,Delhi Modelreal,https://www.facebook.com/delhi_modelreal/,,facebook,India,generated
